{
  "moa-memory/tests/memory_store.rs": 1775766103.95572,
  "moa-memory/src/lib.rs": 1775767100.9189866,
  "moa-memory/src/index.rs": 1775766103.955265,
  "moa-memory/src/fts.rs": 1775766103.955142,
  "moa-memory/src/wiki.rs": 1775766103.9555495,
  "moa-core/src/types.rs": 1775767668.9811995,
  "moa-core/src/events.rs": 1775762242.9524,
  "moa-core/src/error.rs": 1775762025.755317,
  "moa-core/src/config.rs": 1775764277.0689957,
  "moa-core/src/lib.rs": 1775767676.573056,
  "moa-core/src/traits.rs": 1775759171.8118439,
  "moa-cli/src/main.rs": 1775759171.8010457,
  "moa-tui/src/main.rs": 1775759171.819477,
  "moa-gateway/src/lib.rs": 1775759171.8147047,
  "moa-session/tests/session_store.rs": 1775761348.1776211,
  "moa-session/src/turso.rs": 1775768196.8897161,
  "moa-session/src/lib.rs": 1775761302.4706347,
  "moa-session/src/schema.rs": 1775761302.4707065,
  "moa-session/src/queries.rs": 1775761383.3480675,
  "moa-providers/tests/anthropic_live.rs": 1775762507.2161374,
  "moa-providers/tests/anthropic_provider.rs": 1775762507.2173245,
  "moa-providers/src/lib.rs": 1775762415.2991414,
  "moa-providers/src/anthropic.rs": 1775762507.2152095,
  "moa-providers/src/common.rs": 1775762477.3217518,
  "moa-security/src/lib.rs": 1775767740.1637063,
  "moa-security/src/policies.rs": 1775767740.1638687,
  "moa-orchestrator/src/lib.rs": 1775759171.8178651,
  "moa-hands/tests/local_tools.rs": 1775768168.3238997,
  "moa-hands/src/local.rs": 1775767100.9174218,
  "moa-hands/src/lib.rs": 1775767100.9172711,
  "moa-hands/src/router.rs": 1775768196.8726654,
  "moa-hands/src/tools/file_search.rs": 1775767100.917999,
  "moa-hands/src/tools/bash.rs": 1775767100.917769,
  "moa-hands/src/tools/memory.rs": 1775767100.9182577,
  "moa-hands/src/tools/file_write.rs": 1775767100.9181075,
  "moa-hands/src/tools/stub.rs": 1775767100.9185317,
  "moa-hands/src/tools/mod.rs": 1775767100.9184022,
  "moa-hands/src/tools/file_read.rs": 1775767100.9178853,
  "moa-brain/tests/live_harness.rs": 1775766103.9548097,
  "moa-brain/tests/brain_turn.rs": 1775768196.8626115,
  "moa-brain/examples/chat_harness.rs": 1775767100.9151511,
  "moa-brain/src/lib.rs": 1775767100.915871,
  "moa-brain/src/harness.rs": 1775768230.4930785,
  "moa-brain/src/compaction.rs": 1775764277.0657463,
  "moa-brain/src/pipeline/cache.rs": 1775764277.0664277,
  "moa-brain/src/pipeline/instructions.rs": 1775764277.0670547,
  "moa-brain/src/pipeline/tools.rs": 1775764277.0680518,
  "moa-brain/src/pipeline/memory.rs": 1775766103.954092,
  "moa-brain/src/pipeline/skills.rs": 1775764277.0678086,
  "moa-brain/src/pipeline/identity.rs": 1775764277.0667717,
  "moa-brain/src/pipeline/mod.rs": 1775767100.916221,
  "moa-brain/src/pipeline/history.rs": 1775764277.0666103,
  "moa-skills/src/lib.rs": 1775758859.9281154,
  "src/lib.rs": 1775759171.819735,
  "AGENTS.md": 1775766103.950462,
  "community_labels": {
    "0": "Core Identity Types",
    "1": "Anthropic Provider",
    "2": "Tool Registry & Router",
    "3": "Brain Turn Tests",
    "4": "Context Pipeline Core",
    "5": "Config & Error Types",
    "6": "Agent Instructions Doc",
    "7": "Turso Session Store",
    "8": "Local Hand Provider",
    "9": "Tool Approval Policies",
    "10": "File Memory Store",
    "11": "Working Context Types",
    "12": "Memory Tools",
    "13": "FTS5 Search Index",
    "14": "Local Tool Tests",
    "15": "Session DB Queries",
    "16": "Event Types",
    "17": "Brain Turn Harness",
    "18": "History Compilation Stage",
    "19": "Session Store Tests",
    "20": "Memory Preload Stage",
    "21": "Core Trait Definitions",
    "22": "Completion Stream",
    "23": "Instruction Stage",
    "24": "Cache Optimizer Stage",
    "25": "Skill Injector Stage",
    "26": "Identity Stage",
    "27": "Bash Tool",
    "28": "File Search Tool",
    "29": "File Read Tool",
    "30": "Chat Harness Example",
    "31": "Anthropic Provider Tests",
    "32": "File Write Tool",
    "33": "Wiki Page Tests",
    "34": "CLI Entry Point",
    "35": "Anthropic Live Tests",
    "36": "Compaction",
    "37": "Memory Store Integration Tests",
    "38": "FTS Scope Helper",
    "39": "Live Brain Turn Test",
    "40": "Relevant Memory Page"
  }
}