{
  "moa-memory/tests/memory_store.rs": 1775764919.5610397,
  "moa-memory/src/lib.rs": 1775764919.5589259,
  "moa-memory/src/index.rs": 1775764927.402788,
  "moa-memory/src/fts.rs": 1775764919.5573459,
  "moa-memory/src/wiki.rs": 1775764919.5597951,
  "moa-core/src/types.rs": 1775764277.069286,
  "moa-core/src/events.rs": 1775762242.9524,
  "moa-core/src/error.rs": 1775762025.755317,
  "moa-core/src/config.rs": 1775764277.0689957,
  "moa-core/src/lib.rs": 1775762045.7629337,
  "moa-core/src/traits.rs": 1775759171.8118439,
  "moa-cli/src/main.rs": 1775759171.8010457,
  "moa-tui/src/main.rs": 1775759171.819477,
  "moa-gateway/src/lib.rs": 1775759171.8147047,
  "moa-session/tests/session_store.rs": 1775761348.1776211,
  "moa-session/src/turso.rs": 1775761383.3483605,
  "moa-session/src/lib.rs": 1775761302.4706347,
  "moa-session/src/schema.rs": 1775761302.4707065,
  "moa-session/src/queries.rs": 1775761383.3480675,
  "moa-providers/tests/anthropic_live.rs": 1775762507.2161374,
  "moa-providers/tests/anthropic_provider.rs": 1775762507.2173245,
  "moa-providers/src/lib.rs": 1775762415.2991414,
  "moa-providers/src/anthropic.rs": 1775762507.2152095,
  "moa-providers/src/common.rs": 1775762477.3217518,
  "moa-security/src/lib.rs": 1775759171.8185084,
  "moa-orchestrator/src/lib.rs": 1775759171.8178651,
  "moa-hands/src/lib.rs": 1775759171.815387,
  "moa-brain/tests/live_harness.rs": 1775764919.5485435,
  "moa-brain/tests/brain_turn.rs": 1775764821.2581542,
  "moa-brain/examples/chat_harness.rs": 1775764833.7948296,
  "moa-brain/src/lib.rs": 1775764277.066232,
  "moa-brain/src/harness.rs": 1775764277.0659254,
  "moa-brain/src/compaction.rs": 1775764277.0657463,
  "moa-brain/src/pipeline/cache.rs": 1775764277.0664277,
  "moa-brain/src/pipeline/instructions.rs": 1775764277.0670547,
  "moa-brain/src/pipeline/tools.rs": 1775764277.0680518,
  "moa-brain/src/pipeline/memory.rs": 1775764919.5457346,
  "moa-brain/src/pipeline/skills.rs": 1775764277.0678086,
  "moa-brain/src/pipeline/identity.rs": 1775764277.0667717,
  "moa-brain/src/pipeline/mod.rs": 1775764871.2963924,
  "moa-brain/src/pipeline/history.rs": 1775764277.0666103,
  "moa-skills/src/lib.rs": 1775758859.9281154,
  "src/lib.rs": 1775759171.819735,
  "AGENTS.md": 1775765186.3088288,
  "graphify-out/GRAPH_REPORT.md": 1775765979.4792597
}