{
  "moa-memory/tests/memory_store.rs": 1775766103.95572,
  "moa-memory/src/lib.rs": 1775767100.9189866,
  "moa-memory/src/index.rs": 1775766103.955265,
  "moa-memory/src/fts.rs": 1775766103.955142,
  "moa-memory/src/wiki.rs": 1775766103.9555495,
  "moa-core/src/types.rs": 1775773153.4590647,
  "moa-core/src/events.rs": 1775762242.9524,
  "moa-core/src/error.rs": 1775762025.755317,
  "moa-core/src/config.rs": 1775764277.0689957,
  "moa-core/src/lib.rs": 1775773153.458836,
  "moa-core/src/traits.rs": 1775759171.8118439,
  "moa-cli/src/exec.rs": 1775773153.4586587,
  "moa-cli/src/main.rs": 1775770714.3237798,
  "moa-tui/src/keybindings.rs": 1775774112.8664978,
  "moa-tui/src/lib.rs": 1775774115.986311,
  "moa-tui/src/runner.rs": 1775774112.867437,
  "moa-tui/src/main.rs": 1775770714.3246653,
  "moa-tui/src/app.rs": 1775774112.8659043,
  "moa-tui/src/views/sessions.rs": 1775774112.8704636,
  "moa-tui/src/views/mod.rs": 1775773787.9850867,
  "moa-tui/src/views/diff.rs": 1775773153.460608,
  "moa-tui/src/views/chat.rs": 1775771629.8352034,
  "moa-tui/src/widgets/mod.rs": 1775774112.8711565,
  "moa-tui/src/widgets/prompt.rs": 1775770714.3255255,
  "moa-tui/src/widgets/approval.rs": 1775771629.835606,
  "moa-tui/src/widgets/tool_card.rs": 1775773153.4608974,
  "moa-tui/src/widgets/toolbar.rs": 1775773735.713544,
  "moa-gateway/src/lib.rs": 1775759171.8147047,
  "moa-session/tests/session_store.rs": 1775761348.1776211,
  "moa-session/src/turso.rs": 1775768635.367824,
  "moa-session/src/lib.rs": 1775761302.4706347,
  "moa-session/src/schema.rs": 1775761302.4707065,
  "moa-session/src/queries.rs": 1775761383.3480675,
  "moa-providers/tests/anthropic_live.rs": 1775762507.2161374,
  "moa-providers/tests/anthropic_provider.rs": 1775762507.2173245,
  "moa-providers/src/lib.rs": 1775762415.2991414,
  "moa-providers/src/anthropic.rs": 1775762507.2152095,
  "moa-providers/src/common.rs": 1775762477.3217518,
  "moa-security/src/lib.rs": 1775768635.3671463,
  "moa-security/src/policies.rs": 1775768635.3673048,
  "moa-orchestrator/tests/local_orchestrator.rs": 1775773153.4597259,
  "moa-orchestrator/src/local.rs": 1775773153.4595435,
  "moa-orchestrator/src/lib.rs": 1775773153.4593728,
  "moa-hands/tests/local_tools.rs": 1775768635.3667305,
  "moa-hands/src/local.rs": 1775767100.9174218,
  "moa-hands/src/lib.rs": 1775767100.9172711,
  "moa-hands/src/router.rs": 1775768635.3664942,
  "moa-hands/src/tools/file_search.rs": 1775767100.917999,
  "moa-hands/src/tools/bash.rs": 1775767100.917769,
  "moa-hands/src/tools/memory.rs": 1775767100.9182577,
  "moa-hands/src/tools/file_write.rs": 1775767100.9181075,
  "moa-hands/src/tools/stub.rs": 1775767100.9185317,
  "moa-hands/src/tools/mod.rs": 1775767100.9184022,
  "moa-hands/src/tools/file_read.rs": 1775767100.9178853,
  "moa-brain/tests/live_harness.rs": 1775766103.9548097,
  "moa-brain/tests/brain_turn.rs": 1775768635.3657794,
  "moa-brain/examples/chat_harness.rs": 1775767100.9151511,
  "moa-brain/src/lib.rs": 1775767100.915871,
  "moa-brain/src/harness.rs": 1775768635.3655796,
  "moa-brain/src/compaction.rs": 1775764277.0657463,
  "moa-brain/src/pipeline/cache.rs": 1775764277.0664277,
  "moa-brain/src/pipeline/instructions.rs": 1775764277.0670547,
  "moa-brain/src/pipeline/tools.rs": 1775764277.0680518,
  "moa-brain/src/pipeline/memory.rs": 1775766103.954092,
  "moa-brain/src/pipeline/skills.rs": 1775764277.0678086,
  "moa-brain/src/pipeline/identity.rs": 1775764277.0667717,
  "moa-brain/src/pipeline/mod.rs": 1775767100.916221,
  "moa-brain/src/pipeline/history.rs": 1775764277.0666103,
  "moa-skills/src/lib.rs": 1775758859.9281154,
  "src/lib.rs": 1775759171.819735,
  "community_labels": {
    "0": "Core Domain Types",
    "1": "TUI App State",
    "2": "Local Orchestrator",
    "3": "Anthropic Provider",
    "4": "Tool Registry & Router",
    "5": "Diff View",
    "6": "Brain Turn Tests",
    "7": "Context Pipeline",
    "8": "File Memory Store",
    "9": "Config & Errors",
    "10": "TUI Chat Runtime",
    "11": "Turso Session Store",
    "12": "Tool Approval Policies",
    "13": "Session Picker View",
    "14": "Memory Tools",
    "15": "Local Hand Provider",
    "16": "FTS5 Search Index",
    "17": "Local Tool Tests",
    "18": "Local Orchestrator Tests",
    "19": "Session DB Queries",
    "20": "Brain Turn Harness",
    "21": "Event Types",
    "22": "Approval Card Widget",
    "23": "Toolbar Widget",
    "24": "History Compilation Stage",
    "25": "TUI Keybindings",
    "26": "Prompt Widget",
    "27": "Session Store Tests",
    "28": "Memory Preload Stage",
    "29": "Tool Card Widget",
    "30": "CLI Entry Point",
    "31": "Provider HTTP Common",
    "32": "Instruction Stage",
    "33": "Chat View",
    "34": "Cache Optimizer Stage",
    "35": "Skill Injector Stage",
    "36": "Identity Stage",
    "37": "CLI Exec Mode",
    "38": "Bash Tool",
    "39": "File Search Tool",
    "40": "File Read Tool",
    "41": "Chat Harness Example",
    "42": "Anthropic Provider Tests",
    "43": "File Write Tool",
    "44": "Wiki Page Tests",
    "45": "Anthropic Live Test",
    "46": "Compaction",
    "47": "Memory Store Integration",
    "48": "FTS Scope Helper",
    "49": "Live Brain Turn Test",
    "50": "Relevant Memory Page"
  }
}