{
  "moa-memory/tests/memory_store.rs": 1775766103.95572,
  "moa-memory/src/lib.rs": 1775766710.6498575,
  "moa-memory/src/index.rs": 1775766103.955265,
  "moa-memory/src/fts.rs": 1775766103.955142,
  "moa-memory/src/wiki.rs": 1775766103.9555495,
  "moa-core/src/types.rs": 1775766233.905175,
  "moa-core/src/events.rs": 1775762242.9524,
  "moa-core/src/error.rs": 1775762025.755317,
  "moa-core/src/config.rs": 1775764277.0689957,
  "moa-core/src/lib.rs": 1775762045.7629337,
  "moa-core/src/traits.rs": 1775759171.8118439,
  "moa-cli/src/main.rs": 1775759171.8010457,
  "moa-tui/src/main.rs": 1775759171.819477,
  "moa-gateway/src/lib.rs": 1775759171.8147047,
  "moa-session/tests/session_store.rs": 1775761348.1776211,
  "moa-session/src/turso.rs": 1775761383.3483605,
  "moa-session/src/lib.rs": 1775761302.4706347,
  "moa-session/src/schema.rs": 1775761302.4707065,
  "moa-session/src/queries.rs": 1775761383.3480675,
  "moa-providers/tests/anthropic_live.rs": 1775762507.2161374,
  "moa-providers/tests/anthropic_provider.rs": 1775762507.2173245,
  "moa-providers/src/lib.rs": 1775762415.2991414,
  "moa-providers/src/anthropic.rs": 1775762507.2152095,
  "moa-providers/src/common.rs": 1775762477.3217518,
  "moa-security/src/lib.rs": 1775759171.8185084,
  "moa-orchestrator/src/lib.rs": 1775759171.8178651,
  "moa-hands/tests/local_tools.rs": 1775766656.680314,
  "moa-hands/src/local.rs": 1775766656.676696,
  "moa-hands/src/lib.rs": 1775766656.6758149,
  "moa-hands/src/router.rs": 1775766710.6501062,
  "moa-hands/src/tools/file_search.rs": 1775766663.1123235,
  "moa-hands/src/tools/bash.rs": 1775766503.273173,
  "moa-hands/src/tools/memory.rs": 1775766656.6793258,
  "moa-hands/src/tools/file_write.rs": 1775766656.6786554,
  "moa-hands/src/tools/stub.rs": 1775766557.8394625,
  "moa-hands/src/tools/mod.rs": 1775766503.2731056,
  "moa-hands/src/tools/file_read.rs": 1775766503.2732456,
  "moa-brain/tests/live_harness.rs": 1775766103.9548097,
  "moa-brain/tests/brain_turn.rs": 1775766656.6682312,
  "moa-brain/examples/chat_harness.rs": 1775766638.9622705,
  "moa-brain/src/lib.rs": 1775766534.9615424,
  "moa-brain/src/harness.rs": 1775766656.6629803,
  "moa-brain/src/compaction.rs": 1775764277.0657463,
  "moa-brain/src/pipeline/cache.rs": 1775764277.0664277,
  "moa-brain/src/pipeline/instructions.rs": 1775764277.0670547,
  "moa-brain/src/pipeline/tools.rs": 1775764277.0680518,
  "moa-brain/src/pipeline/memory.rs": 1775766103.954092,
  "moa-brain/src/pipeline/skills.rs": 1775764277.0678086,
  "moa-brain/src/pipeline/identity.rs": 1775764277.0667717,
  "moa-brain/src/pipeline/mod.rs": 1775766534.9618306,
  "moa-brain/src/pipeline/history.rs": 1775764277.0666103,
  "moa-skills/src/lib.rs": 1775758859.9281154,
  "src/lib.rs": 1775759171.819735,
  "AGENTS.md": 1775766103.950462,
  "community_labels": {
    "0": "Community 0",
    "1": "Community 1",
    "2": "Community 2",
    "3": "Community 3",
    "4": "Community 4",
    "5": "Community 5",
    "6": "Community 6",
    "7": "Community 7",
    "8": "Community 8",
    "9": "Community 9",
    "10": "Community 10",
    "11": "Community 11",
    "12": "Community 12",
    "13": "Community 13",
    "14": "Community 14",
    "15": "Community 15",
    "16": "Community 16",
    "17": "Community 17",
    "18": "Community 18",
    "19": "Community 19",
    "20": "Community 20",
    "21": "Community 21",
    "22": "Community 22",
    "23": "Community 23",
    "24": "Community 24",
    "25": "Community 25",
    "26": "Community 26",
    "27": "Community 27",
    "28": "Community 28",
    "29": "Community 29",
    "30": "Community 30",
    "31": "Community 31",
    "32": "Community 32",
    "33": "Community 33",
    "34": "Community 34",
    "35": "Community 35",
    "36": "Community 36",
    "37": "Community 37",
    "38": "Community 38"
  }
}