{
  "moa-memory/tests/memory_store.rs": 1775766103.95572,
  "moa-memory/src/lib.rs": 1775767100.9189866,
  "moa-memory/src/index.rs": 1775766103.955265,
  "moa-memory/src/fts.rs": 1775766103.955142,
  "moa-memory/src/wiki.rs": 1775766103.9555495,
  "moa-core/src/types.rs": 1775768635.366194,
  "moa-core/src/events.rs": 1775762242.9524,
  "moa-core/src/error.rs": 1775762025.755317,
  "moa-core/src/config.rs": 1775764277.0689957,
  "moa-core/src/lib.rs": 1775768635.365966,
  "moa-core/src/traits.rs": 1775759171.8118439,
  "moa-cli/src/exec.rs": 1775769657.4635265,
  "moa-cli/src/main.rs": 1775769552.994713,
  "moa-tui/src/keybindings.rs": 1775769725.9944177,
  "moa-tui/src/lib.rs": 1775769198.5246975,
  "moa-tui/src/runner.rs": 1775769738.5014606,
  "moa-tui/src/main.rs": 1775769522.1971056,
  "moa-tui/src/app.rs": 1775769725.9941366,
  "moa-tui/src/views/mod.rs": 1775769200.9910636,
  "moa-tui/src/views/chat.rs": 1775769725.9976156,
  "moa-tui/src/widgets/mod.rs": 1775769204.4894714,
  "moa-tui/src/widgets/prompt.rs": 1775769634.7229996,
  "moa-tui/src/widgets/tool_card.rs": 1775769725.9982145,
  "moa-gateway/src/lib.rs": 1775759171.8147047,
  "moa-session/tests/session_store.rs": 1775761348.1776211,
  "moa-session/src/turso.rs": 1775768635.367824,
  "moa-session/src/lib.rs": 1775761302.4706347,
  "moa-session/src/schema.rs": 1775761302.4707065,
  "moa-session/src/queries.rs": 1775761383.3480675,
  "moa-providers/tests/anthropic_live.rs": 1775762507.2161374,
  "moa-providers/tests/anthropic_provider.rs": 1775762507.2173245,
  "moa-providers/src/lib.rs": 1775762415.2991414,
  "moa-providers/src/anthropic.rs": 1775762507.2152095,
  "moa-providers/src/common.rs": 1775762477.3217518,
  "moa-security/src/lib.rs": 1775768635.3671463,
  "moa-security/src/policies.rs": 1775768635.3673048,
  "moa-orchestrator/src/lib.rs": 1775759171.8178651,
  "moa-hands/tests/local_tools.rs": 1775768635.3667305,
  "moa-hands/src/local.rs": 1775767100.9174218,
  "moa-hands/src/lib.rs": 1775767100.9172711,
  "moa-hands/src/router.rs": 1775768635.3664942,
  "moa-hands/src/tools/file_search.rs": 1775767100.917999,
  "moa-hands/src/tools/bash.rs": 1775767100.917769,
  "moa-hands/src/tools/memory.rs": 1775767100.9182577,
  "moa-hands/src/tools/file_write.rs": 1775767100.9181075,
  "moa-hands/src/tools/stub.rs": 1775767100.9185317,
  "moa-hands/src/tools/mod.rs": 1775767100.9184022,
  "moa-hands/src/tools/file_read.rs": 1775767100.9178853,
  "moa-brain/tests/live_harness.rs": 1775766103.9548097,
  "moa-brain/tests/brain_turn.rs": 1775768635.3657794,
  "moa-brain/examples/chat_harness.rs": 1775767100.9151511,
  "moa-brain/src/lib.rs": 1775767100.915871,
  "moa-brain/src/harness.rs": 1775768635.3655796,
  "moa-brain/src/compaction.rs": 1775764277.0657463,
  "moa-brain/src/pipeline/cache.rs": 1775764277.0664277,
  "moa-brain/src/pipeline/instructions.rs": 1775764277.0670547,
  "moa-brain/src/pipeline/tools.rs": 1775764277.0680518,
  "moa-brain/src/pipeline/memory.rs": 1775766103.954092,
  "moa-brain/src/pipeline/skills.rs": 1775764277.0678086,
  "moa-brain/src/pipeline/identity.rs": 1775764277.0667717,
  "moa-brain/src/pipeline/mod.rs": 1775767100.916221,
  "moa-brain/src/pipeline/history.rs": 1775764277.0666103,
  "moa-skills/src/lib.rs": 1775758859.9281154,
  "src/lib.rs": 1775759171.819735,
  "community_labels": {
    "0": "Core Identity Types",
    "1": "Anthropic Provider",
    "2": "Agent Instructions & Docs",
    "3": "Tool Registry & Router",
    "4": "Brain Turn Tests",
    "5": "Context Pipeline Core",
    "6": "File Memory Store",
    "7": "Config & Error Types",
    "8": "Runner & Exec Loop",
    "9": "Turso Session Store",
    "10": "Local Hand Provider",
    "11": "TUI App State",
    "12": "Tool Approval Policies",
    "13": "Memory Tools",
    "14": "FTS5 Search Index",
    "15": "Local Tool Tests",
    "16": "Session DB Queries",
    "17": "Event Types",
    "18": "Brain Turn Harness",
    "19": "History Compilation Stage",
    "20": "Prompt Widget",
    "21": "Session Store Tests",
    "22": "Memory Preload Stage",
    "23": "Tool Card Widget",
    "24": "Completion Stream",
    "25": "CLI Entry Point",
    "26": "TUI Keybindings",
    "27": "Provider HTTP Common",
    "28": "Instruction Stage",
    "29": "Chat View",
    "30": "Cache Optimizer Stage",
    "31": "Skill Injector Stage",
    "32": "Identity Stage",
    "33": "Bash Tool",
    "34": "File Search Tool",
    "35": "File Read Tool",
    "36": "Chat Harness Example",
    "37": "Anthropic Provider Tests",
    "38": "File Write Tool",
    "39": "Wiki Page Tests",
    "40": "Anthropic Live Tests",
    "41": "Compaction",
    "42": "Memory Store Integration Tests",
    "43": "FTS Scope Helper",
    "44": "Live Brain Turn Test"
  }
}