{
  "moa-memory/tests/memory_store.rs": 1775778606.151172,
  "moa-memory/src/lib.rs": 1775767100.9189866,
  "moa-memory/src/index.rs": 1775766103.955265,
  "moa-memory/src/fts.rs": 1775778606.150792,
  "moa-memory/src/wiki.rs": 1775778606.150986,
  "moa-core/src/types.rs": 1775781678.8088286,
  "moa-core/src/events.rs": 1775762242.9524,
  "moa-core/src/error.rs": 1775762025.755317,
  "moa-core/src/config.rs": 1775764277.0689957,
  "moa-core/src/lib.rs": 1775782353.2771404,
  "moa-core/src/traits.rs": 1775759171.8118439,
  "moa-cli/src/exec.rs": 1775773153.4586587,
  "moa-cli/src/main.rs": 1775770714.3237798,
  "moa-tui/src/keybindings.rs": 1775776304.6248083,
  "moa-tui/src/lib.rs": 1775776304.6249437,
  "moa-tui/src/runner.rs": 1775776304.6251254,
  "moa-tui/src/main.rs": 1775770714.3246653,
  "moa-tui/src/app.rs": 1775776304.6246364,
  "moa-tui/src/views/sessions.rs": 1775776304.625459,
  "moa-tui/src/views/mod.rs": 1775776304.625304,
  "moa-tui/src/views/diff.rs": 1775773153.460608,
  "moa-tui/src/views/chat.rs": 1775771629.8352034,
  "moa-tui/src/widgets/mod.rs": 1775776304.625661,
  "moa-tui/src/widgets/prompt.rs": 1775770714.3255255,
  "moa-tui/src/widgets/approval.rs": 1775771629.835606,
  "moa-tui/src/widgets/tool_card.rs": 1775773153.4608974,
  "moa-tui/src/widgets/toolbar.rs": 1775776304.6258142,
  "moa-gateway/src/lib.rs": 1775759171.8147047,
  "moa-session/tests/session_store.rs": 1775761348.1776211,
  "moa-session/src/turso.rs": 1775768635.367824,
  "moa-session/src/lib.rs": 1775761302.4706347,
  "moa-session/src/schema.rs": 1775761302.4707065,
  "moa-session/src/queries.rs": 1775761383.3480675,
  "moa-providers/tests/anthropic_live.rs": 1775762507.2161374,
  "moa-providers/tests/anthropic_provider.rs": 1775762507.2173245,
  "moa-providers/src/lib.rs": 1775762415.2991414,
  "moa-providers/src/anthropic.rs": 1775762507.2152095,
  "moa-providers/src/common.rs": 1775762477.3217518,
  "moa-security/src/lib.rs": 1775768635.3671463,
  "moa-security/src/policies.rs": 1775781708.22971,
  "moa-orchestrator/tests/local_orchestrator.rs": 1775776304.6242359,
  "moa-orchestrator/src/local.rs": 1775782353.296405,
  "moa-orchestrator/src/lib.rs": 1775773153.4593728,
  "moa-hands/tests/local_tools.rs": 1775778606.1504571,
  "moa-hands/src/local.rs": 1775767100.9174218,
  "moa-hands/src/lib.rs": 1775767100.9172711,
  "moa-hands/src/router.rs": 1775782353.2832859,
  "moa-hands/src/tools/file_search.rs": 1775767100.917999,
  "moa-hands/src/tools/bash.rs": 1775767100.917769,
  "moa-hands/src/tools/memory.rs": 1775781793.3330538,
  "moa-hands/src/tools/file_write.rs": 1775767100.9181075,
  "moa-hands/src/tools/stub.rs": 1775781808.6345007,
  "moa-hands/src/tools/mod.rs": 1775767100.9184022,
  "moa-hands/src/tools/file_read.rs": 1775767100.9178853,
  "moa-brain/tests/live_harness.rs": 1775766103.9548097,
  "moa-brain/tests/brain_turn.rs": 1775778606.1495297,
  "moa-brain/examples/chat_harness.rs": 1775767100.9151511,
  "moa-brain/src/lib.rs": 1775782353.2633398,
  "moa-brain/src/turn.rs": 1775782353.2683055,
  "moa-brain/src/harness.rs": 1775782353.2631145,
  "moa-brain/src/compaction.rs": 1775764277.0657463,
  "moa-brain/src/pipeline/cache.rs": 1775764277.0664277,
  "moa-brain/src/pipeline/instructions.rs": 1775764277.0670547,
  "moa-brain/src/pipeline/tools.rs": 1775764277.0680518,
  "moa-brain/src/pipeline/memory.rs": 1775766103.954092,
  "moa-brain/src/pipeline/skills.rs": 1775782174.4846191,
  "moa-brain/src/pipeline/identity.rs": 1775764277.0667717,
  "moa-brain/src/pipeline/mod.rs": 1775778606.1491857,
  "moa-brain/src/pipeline/history.rs": 1775764277.0666103,
  "moa-skills/tests/skills.rs": 1775782353.3168757,
  "moa-skills/src/format.rs": 1775782353.3149352,
  "moa-skills/src/registry.rs": 1775778606.1528215,
  "moa-skills/src/lib.rs": 1775782353.3156087,
  "moa-skills/src/improver.rs": 1775782353.3154912,
  "moa-skills/src/distiller.rs": 1775782353.3132665,
  "src/lib.rs": 1775759171.819735,
  "community_labels": {
    "0": "Core Domain Types",
    "1": "TUI App State",
    "2": "Skill Markdown Format",
    "3": "Tool Registry & Router",
    "4": "Anthropic Provider",
    "5": "File Memory Store",
    "6": "Local Orchestrator",
    "7": "Brain Turn Tests",
    "8": "Local Orchestrator Tests",
    "9": "Diff View",
    "10": "Context Pipeline",
    "11": "Config & Errors",
    "12": "TUI Chat Runtime",
    "13": "Turso Session Store",
    "14": "Memory Tools",
    "15": "FTS5 Search Index",
    "16": "Session Picker View",
    "17": "Tool Approval Policies",
    "18": "Skill Injector",
    "19": "Skill Improver & Distiller",
    "20": "Local Tool Tests",
    "21": "Local Hand Provider",
    "22": "Wiki Markdown",
    "23": "Session DB Queries",
    "24": "Event Types",
    "25": "Approval Card Widget",
    "26": "Toolbar Widget",
    "27": "History Compilation Stage",
    "28": "TUI Keybindings",
    "29": "Prompt Widget",
    "30": "Session Store Tests",
    "31": "Tool Card Widget",
    "32": "Memory Preload Stage",
    "33": "Memory Store Tests",
    "34": "CLI Entry Point",
    "35": "Instruction Stage",
    "36": "Tool Definition Stage",
    "37": "Skill Registry",
    "38": "Chat View",
    "39": "Cache Optimizer Stage",
    "40": "Identity Stage",
    "41": "CLI Exec Mode",
    "42": "Bash Tool",
    "43": "File Search Tool",
    "44": "File Read Tool",
    "45": "Chat Harness Example",
    "46": "Anthropic Provider Tests",
    "47": "File Write Tool",
    "48": "Anthropic Live Test",
    "49": "Compaction",
    "50": "Memory Search Helpers",
    "51": "Live Brain Turn Test",
    "52": "Relevant Memory Page"
  }
}