{
  "moa-memory/src/lib.rs": 1775759171.8169093,
  "moa-core/src/types.rs": 1775763111.921554,
  "moa-core/src/events.rs": 1775762242.9524,
  "moa-core/src/error.rs": 1775762025.755317,
  "moa-core/src/config.rs": 1775762864.4198532,
  "moa-core/src/lib.rs": 1775762045.7629337,
  "moa-core/src/traits.rs": 1775759171.8118439,
  "moa-cli/src/main.rs": 1775759171.8010457,
  "moa-tui/src/main.rs": 1775759171.819477,
  "moa-gateway/src/lib.rs": 1775759171.8147047,
  "moa-session/tests/session_store.rs": 1775761348.1776211,
  "moa-session/src/turso.rs": 1775761383.3483605,
  "moa-session/src/lib.rs": 1775761302.4706347,
  "moa-session/src/schema.rs": 1775761302.4707065,
  "moa-session/src/queries.rs": 1775761383.3480675,
  "moa-providers/tests/anthropic_live.rs": 1775762507.2161374,
  "moa-providers/tests/anthropic_provider.rs": 1775762507.2173245,
  "moa-providers/src/lib.rs": 1775762415.2991414,
  "moa-providers/src/anthropic.rs": 1775762507.2152095,
  "moa-providers/src/common.rs": 1775762477.3217518,
  "moa-security/src/lib.rs": 1775759171.8185084,
  "moa-orchestrator/src/lib.rs": 1775759171.8178651,
  "moa-hands/src/lib.rs": 1775759171.815387,
  "moa-brain/tests/live_harness.rs": 1775763534.3871465,
  "moa-brain/tests/brain_turn.rs": 1775763111.9153538,
  "moa-brain/examples/chat_harness.rs": 1775763564.4891143,
  "moa-brain/src/lib.rs": 1775762917.143767,
  "moa-brain/src/harness.rs": 1775763111.9115705,
  "moa-brain/src/compaction.rs": 1775763064.3534117,
  "moa-brain/src/pipeline/cache.rs": 1775763049.5201159,
  "moa-brain/src/pipeline/instructions.rs": 1775762975.7052438,
  "moa-brain/src/pipeline/tools.rs": 1775762990.8187277,
  "moa-brain/src/pipeline/memory.rs": 1775763007.3964279,
  "moa-brain/src/pipeline/skills.rs": 1775762999.2137249,
  "moa-brain/src/pipeline/identity.rs": 1775763111.9131079,
  "moa-brain/src/pipeline/mod.rs": 1775763120.6527903,
  "moa-brain/src/pipeline/history.rs": 1775763111.9128714,
  "moa-skills/src/lib.rs": 1775758859.9281154,
  "src/lib.rs": 1775759171.819735,
  "AGENTS.md": 1775760707.373004,
  "graphify-out/GRAPH_REPORT.md": 1775764035.645074
}