{
  "moa-memory/src/lib.rs": 1775759171.8169093,
  "moa-core/src/types.rs": 1775759217.21682,
  "moa-core/src/events.rs": 1775759171.8112168,
  "moa-core/src/error.rs": 1775759171.8104172,
  "moa-core/src/config.rs": 1775759217.216513,
  "moa-core/src/lib.rs": 1775759171.8115253,
  "moa-core/src/traits.rs": 1775759171.8118439,
  "moa-cli/src/main.rs": 1775759171.8010457,
  "moa-tui/src/main.rs": 1775759171.819477,
  "moa-gateway/src/lib.rs": 1775759171.8147047,
  "moa-session/src/lib.rs": 1775759171.8188188,
  "moa-providers/src/lib.rs": 1775759171.8182356,
  "moa-security/src/lib.rs": 1775759171.8185084,
  "moa-orchestrator/src/lib.rs": 1775759171.8178651,
  "moa-hands/src/lib.rs": 1775759171.815387,
  "moa-brain/src/lib.rs": 1775759171.7995744,
  "moa-skills/src/lib.rs": 1775758859.9281154,
  "src/lib.rs": 1775759171.819735,
  "AGENTS.md": 1775758094.099563
}